group,timepoint,Time,well,S freq,lambda,total count,YFP,BFP,Dilution,corrected total count,gen,competition,S minmaj,scaled counts,S counts,LSl counts,BFP freq,timegroup,BFP counts,YFP counts
1,0,0.0,A1,0.028223157000000002,2.0139656880000003,21093,7638.835937999999,8828.96875,0.4,49023.12453,6.5k,L,min,122557.8113,3458.968351,119098.84300000001,,,,
1,0,0.0,A2,0.028223157000000002,2.0139656880000003,21093,7638.835937999999,8828.96875,0.4,49023.12453,6.5k,L,min,122557.8113,3458.968351,119098.84300000001,,,,
1,0,0.0,A3,0.028223157000000002,2.0139656880000003,21093,7638.835937999999,8828.96875,0.4,49023.12453,6.5k,L,min,122557.8113,3458.968351,119098.84300000001,,,,
1,0,0.0,A4,0.028223157000000002,2.0139656880000003,21093,7638.835937999999,8828.96875,0.4,49023.12453,6.5k,L,min,122557.8113,3458.968351,119098.84300000001,,,,
1,0,0.0,A5,0.028223157000000002,2.0139656880000003,21093,7638.835937999999,8828.96875,0.4,49023.12453,6.5k,L,min,122557.8113,3458.968351,119098.84300000001,,,,
1,0,0.0,A6,0.028223157000000002,2.0139656880000003,21093,7638.835937999999,8828.96875,0.4,49023.12453,6.5k,L,min,122557.8113,3458.968351,119098.84300000001,,,,
2,0,0.0,A7,0.94777129,1.514433346,24433,7535.210937999999,8429.955078,0.4,47434.5656,6.5k,L,maj,118586.414,112392.7986,6193.615427000001,,,,
2,0,0.0,A8,0.94777129,1.514433346,24433,7535.210937999999,8429.955078,0.4,47434.5656,6.5k,L,maj,118586.414,112392.7986,6193.615427000001,,,,
2,0,0.0,A9,0.94777129,1.514433346,24433,7535.210937999999,8429.955078,0.4,47434.5656,6.5k,L,maj,118586.414,112392.7986,6193.615427000001,,,,
2,0,0.0,A10,0.94777129,1.514433346,24433,7535.210937999999,8429.955078,0.4,47434.5656,6.5k,L,maj,118586.414,112392.7986,6193.615427000001,,,,
2,0,0.0,A11,0.94777129,1.514433346,24433,7535.210937999999,8429.955078,0.4,47434.5656,6.5k,L,maj,118586.414,112392.7986,6193.615427000001,,,,
2,0,0.0,A12,0.94777129,1.514433346,24433,7535.210937999999,8429.955078,0.4,47434.5656,6.5k,L,maj,118586.414,112392.7986,6193.615427000001,,,,
3,0,0.0,C1,0.032276965,1.576027504,24917,7630.617676000001,8359.083984,0.4,49507.851539999996,6.5k,Sl,min,123769.6288,3994.907978,119774.7209,,,,
3,0,0.0,C2,0.032276965,1.576027504,24917,7630.617676000001,8359.083984,0.4,49507.851539999996,6.5k,Sl,min,123769.6288,3994.907978,119774.7209,,,,
3,0,0.0,C3,0.032276965,1.576027504,24917,7630.617676000001,8359.083984,0.4,49507.851539999996,6.5k,Sl,min,123769.6288,3994.907978,119774.7209,,,,
3,0,0.0,C4,0.032276965,1.576027504,24917,7630.617676000001,8359.083984,0.4,49507.851539999996,6.5k,Sl,min,123769.6288,3994.907978,119774.7209,,,,
3,0,0.0,C5,0.032276965,1.576027504,24917,7630.617676000001,8359.083984,0.4,49507.851539999996,6.5k,Sl,min,123769.6288,3994.907978,119774.7209,,,,
3,0,0.0,C6,0.032276965,1.576027504,24917,7630.617676000001,8359.083984,0.4,49507.851539999996,6.5k,Sl,min,123769.6288,3994.907978,119774.7209,,,,
4,0,0.0,C7,0.9533481859999999,2.379453136,24372,7939.619629000001,8672.450195,0.4,63910.192610000006,6.5k,Sl,maj,159775.4815,152321.6655,7453.816045999999,,,,
4,0,0.0,C8,0.9533481859999999,2.379453136,24372,7939.619629000001,8672.450195,0.4,63910.192610000006,6.5k,Sl,maj,159775.4815,152321.6655,7453.816045999999,,,,
4,0,0.0,C9,0.9533481859999999,2.379453136,24372,7939.619629000001,8672.450195,0.4,63910.192610000006,6.5k,Sl,maj,159775.4815,152321.6655,7453.816045999999,,,,
4,0,0.0,C10,0.9533481859999999,2.379453136,24372,7939.619629000001,8672.450195,0.4,63910.192610000006,6.5k,Sl,maj,159775.4815,152321.6655,7453.816045999999,,,,
4,0,0.0,C11,0.9533481859999999,2.379453136,24372,7939.619629000001,8672.450195,0.4,63910.192610000006,6.5k,Sl,maj,159775.4815,152321.6655,7453.816045999999,,,,
4,0,0.0,C12,0.9533481859999999,2.379453136,24372,7939.619629000001,8672.450195,0.4,63910.192610000006,6.5k,Sl,maj,159775.4815,152321.6655,7453.816045999999,,,,
1,1,0.5,A1,0.036023572999999996,0.276592514,2291,7732.59082,8501.511719,0.02,2622.423913,6.5k,L,min,131121.1957,4723.453964,126397.7417,,,,
1,1,0.5,A2,0.029529415,0.268955937,2206,7707.573242,8586.527344,0.02,2515.9404,6.5k,L,min,125797.02,3714.712409,122082.3076,,,,
1,1,0.5,A3,0.02808293,0.218305169,2182,7714.425781,8451.18457,0.02,2428.829722,6.5k,L,min,121441.4861,3410.432753,118031.0533,,,,
1,1,0.5,A4,0.032288643,0.165692641,2318,7726.231445,8579.890625,0.02,2515.338554,6.5k,L,min,125766.9277,4060.843429,121706.0842,,,,
1,1,0.5,A5,0.02882347,0.20193535699999998,2300,7703.741211,8527.157227,0.02,2540.036116,6.5k,L,min,127001.8058,3660.632739,123341.1731,,,,
1,1,0.5,A6,0.035033813999999996,0.159747235,2037,7713.615234000001,8522.707031,0.02,2204.0325980000002,6.5k,L,min,110201.6299,3860.7834049999997,106340.8465,,,,
2,1,0.8,A7,0.952362994,0.129550415,2212,7742.594238,8484.529297,0.02,2358.375617,6.5k,L,maj,117918.7809,112301.4832,5617.297672,,,,
2,1,0.8,A8,0.9375625190000001,0.144354478,2367,7726.191895,8449.922852,0.02,2541.952436,6.5k,L,maj,127097.6218,119161.9664,7935.655346,,,,
2,1,0.8,A9,0.952892227,0.19286806199999998,2657,7734.11084,8441.443359,0.02,2921.456396,6.5k,L,maj,146072.8198,139191.6545,6881.165236,,,,
2,1,0.8,A10,0.9507258040000001,0.1527065,2796,7732.856934,8424.089844,0.02,3014.914968,6.5k,L,maj,150745.7484,143317.8728,7427.8755519999995,,,,
2,1,0.8,A11,0.956398986,0.143895362,3000,7758.179198999999,8436.688477,0.02,3221.017726,6.5k,L,maj,161050.8863,154028.9044,7021.981948999999,,,,
2,1,0.8,A12,0.950770124,0.159887447,2940,7742.837401999999,8432.339844,0.02,3181.295059,6.5k,L,maj,159064.753,151234.0149,7830.738064,,,,
3,1,1.133333333,C1,0.044593376,0.13524265800000002,2777,7844.641113,8461.439453,0.02,2969.0158850000003,6.5k,Sl,min,148450.7943,6619.922086,141830.8722,,,,
3,1,1.133333333,C2,0.038637234,0.110566648,2922,7830.76709,8402.918945,0.02,3086.51405,6.5k,Sl,min,154325.7025,5962.71828,148362.9842,,,,
3,1,1.133333333,C3,0.039480529,0.156459299,3034,7834.688965,8380.550781,0.02,3277.53547,6.5k,Sl,min,163876.7735,6469.941707999999,157406.8318,,,,
3,1,1.133333333,C4,0.037670222999999996,0.138758455,3181,7842.541992,8390.092773,0.02,3406.797576,6.5k,Sl,min,170339.8788,6416.74122,163923.1376,,,,
3,1,1.133333333,C5,0.035278874,0.150234115,3325,7834.016113,8409.371094,0.02,3581.0157159999994,6.5k,Sl,min,179050.7858,6316.710112,172734.0757,,,,
3,1,1.133333333,C6,0.036668071,0.207315146,2868,7837.672363,8422.827148,0.02,3175.554686,6.5k,Sl,min,158777.7343,5822.073234,152955.6611,,,,
4,1,1.483333333,C7,0.957089289,0.251425558,3584,8108.46875,8739.564453,0.02,4053.4148950000003,6.5k,Sl,maj,202670.7448,193973.99899999998,8696.745756,,,,
4,1,1.483333333,C8,0.952483985,0.248181368,3562,8089.97168,8687.973633,0.02,4022.275425,6.5k,Sl,maj,201113.7712,191557.6463,9556.124971,,,,
4,1,1.483333333,C9,0.954250747,0.23384163100000002,4017,8070.549316,8664.987305,0.02,4504.959024,6.5k,Sl,maj,225247.9512,214943.0257,10304.92551,,,,
4,1,1.483333333,C10,0.947288612,0.22634059899999998,3894,8089.164551000001,8687.228516,0.02,4351.295126,6.5k,Sl,maj,217564.7563,206096.616,11468.14028,,,,
4,1,1.483333333,C11,0.951771735,0.24571471600000003,3902,8082.168456999999,8685.219727,0.02,4401.001856,6.5k,Sl,maj,220050.0928,209437.4586,10612.63419,,,,
4,1,1.483333333,C12,0.951594194,0.20048279800000002,3574,8060.087401999999,8686.391602,0.02,3944.225669,6.5k,Sl,maj,197211.2834,187665.1123,9546.171127,,,,
1,2,1.8166666669999998,A1,0.071464698,0.269931364,2625,7868.69873,8591.47168,0.02,2995.204361,6.5k,L,min,149760.2181,10702.56876,139057.6493,,,,
1,2,1.8166666669999998,A2,0.069585727,0.144592465,1923,7883.42627,8566.631836,0.02,2065.374832,6.5k,L,min,103268.7416,7186.030459999999,96082.71114,,,,
1,2,1.8166666669999998,A3,0.065074034,0.203779049,2743,7838.007812999999,8609.324219,0.02,3031.968532,6.5k,L,min,151598.4266,9865.121165,141733.3054,,,,
1,2,1.8166666669999998,A4,0.06607173200000001,0.24539986,2246,7835.236328,8546.105469,0.02,2532.844127,6.5k,L,min,126642.2063,8367.469918,118274.7364,,,,
1,2,1.8166666669999998,A5,0.0639966,0.309299333,2484,7824.996094,8556.786133,0.02,2887.921147,6.5k,L,min,144396.0573,9240.856724,135155.2006,,,,
1,2,1.8166666669999998,A6,0.07788239400000001,0.138283142,1712,7855.880859000001,8501.307617,0.02,1833.0976050000002,6.5k,L,min,91654.88025,7138.301495000001,84516.57875,,,,
2,2,2.2,A7,0.9651396090000001,0.225966045,3815,7810.080566,8399.480469,0.02,4262.249465999999,6.5k,L,maj,213112.4733,205683.2891,7429.184146,,,,
2,2,2.2,A8,0.9692003370000001,0.23209209,4042,7790.55957,8386.707031,0.02,4529.185958,6.5k,L,maj,226459.2979,219484.4279,6974.870059000001,,,,
2,2,2.2,A9,0.96974643,0.255360127,4539,7782.211914,8368.996094,0.02,5143.17827,6.5k,L,maj,257158.9135,249378.9383,7779.975190000001,,,,
2,2,2.2,A10,0.964998358,0.214744506,4826,7748.918456999999,8345.725586,0.02,5362.710252000001,6.5k,L,maj,268135.5126,258750.3294,9385.183219,,,,
2,2,2.2,A11,0.973840149,0.255757823,4298,7789.752441,8417.842773,0.02,4871.026481,6.5k,L,maj,243551.324,237180.0577,6371.266347,,,,
2,2,2.2,A12,0.972470438,0.167119661,4694,7773.802734000001,8436.005859,0.02,5097.149649,6.5k,L,maj,254857.4824,247841.3676,7016.114864,,,,
3,2,2.5333333330000003,C1,0.031486531,0.418646845,6896,7729.769531,8240.118164,0.02,8439.920392,6.5k,Sl,min,421996.0196,13287.19075,408708.8289,,,,
3,2,2.5333333330000003,C2,0.036013073,0.40818905899999997,7625,7681.632323999999,8198.859375,0.02,9286.799995,6.5k,Sl,min,464339.9998,16722.31031,447617.6894,,,,
3,2,2.5333333330000003,C3,0.034901329,0.41312700700000005,6974,7759.508789,8278.475586,0.02,8513.482858,6.5k,Sl,min,425674.1429,14856.59331,410817.5496,,,,
3,2,2.5333333330000003,C4,0.04023858,0.36569184299999996,7863,7720.914062999999,8212.3125,0.02,9388.14972,6.5k,Sl,min,469407.48600000003,18888.290680000002,450519.1953,,,,
3,2,2.5333333330000003,C5,0.028089506,0.582765057,9058,7619.142578,8145.550293000001,0.02,11952.25636,6.5k,Sl,min,597612.8181,16786.64884,580826.1693,,,,
3,2,2.5333333330000003,C6,0.032426197999999996,0.31119599600000003,6659,7761.583008,8267.492188,0.02,7748.7802950000005,6.5k,Sl,min,387439.0148,12563.17421,374875.8406,,,,
4,2,2.883333333,C7,0.947980829,0.47773391,9857,7787.301758,8375.830078,0.02,12398.273990000002,6.5k,Sl,maj,619913.6994,587666.3027,32247.396739999996,,,,
4,2,2.883333333,C8,0.943935003,0.3885998,9099,7802.922852,8373.03418,0.02,10981.15082,6.5k,Sl,maj,549057.5411,518274.6317,30782.909389999997,,,,
4,2,2.883333333,C9,0.951172749,0.587644165,11814,7732.36084,8286.15332,0.02,15623.24646,6.5k,Sl,maj,781162.323,743020.3141,38142.00881,,,,
4,2,2.883333333,C10,0.94574881,0.463623533,10351,7751.554198999999,8325.061523,0.02,12935.23227,6.5k,Sl,maj,646761.6133,611674.0262,35087.58717,,,,
4,2,2.883333333,C11,0.9453925329999999,0.393740639,9058,7767.632323999999,8353.242188,0.02,10957.973179999999,6.5k,Sl,maj,547898.6591,517979.3012,29919.35795,,,,
4,2,2.883333333,C12,0.945643117,0.397625525,8470,7774.625977,8343.373047,0.02,10265.247659999999,6.5k,Sl,maj,513262.3829,485363.0396,27899.3433,,,,
1,3,3.25,A1,0.046165041,0.741399389,11172,7714.833008,8279.849609,0.02,15820.57491,6.5k,L,min,791028.7456,36517.874469999995,754510.8712,,,,
1,3,3.25,A2,0.044802453,0.471075695,7645,7691.390137,8270.728516,0.02,9586.543339,6.5k,L,min,479327.167,21475.03287,457852.1341,,,,
1,3,3.25,A3,0.04702448,0.913301148,11666,7615.578125,8186.171875,0.02,17793.134430000002,6.5k,L,min,889656.7214,41835.6447,847821.0767,,,,
1,3,3.25,A4,0.043677970999999996,0.5481680520000001,10274,7676.930664,8206.503906,0.02,13345.92799,6.5k,L,min,667296.3996,29146.152789999996,638150.2468,,,,
1,3,3.25,A5,0.044119051,0.719359775,11855,7649.405762,8157.919922,0.02,16625.875180000003,6.5k,L,min,831293.7590000001,36675.89175,794617.8673,,,,
1,3,3.25,A6,0.053645820999999996,0.389738835,6271,7663.823242,8240.382813,0.02,7572.204392000001,6.5k,L,min,378610.2196,20310.856069999998,358299.3635,,,,
2,3,3.6,A7,0.955887782,0.645088765,14064,7628.553711,8155.727539,0.02,19084.63025,6.5k,L,maj,954231.5124,912138.2439,42093.2685,,,,
2,3,3.6,A8,0.956477074,0.6211879779999999,13669,7624.219727,8114.791504000001,0.02,18351.251369999998,6.5k,L,maj,917562.5683,877627.5606,39935.00776,,,,
2,3,3.6,A9,0.956125545,0.7457065709999999,16623,7637.496094,8131.010254000001,0.02,23584.20166,6.5k,L,maj,1179210.0829999999,1127472.883,51737.19971,,,,
2,3,3.6,A10,0.951294451,0.6836719840000001,17647,7618.137695,8098.574219,0.02,24361.44553,6.5k,L,maj,1218072.2759999998,1158745.397,59326.878939999995,,,,
2,3,3.6,A11,0.961978393,0.6793687340000001,15314,7641.3125,8127.780762,0.02,21100.44914,6.5k,L,maj,1055022.457,1014908.808,40113.64924,,,,
2,3,3.6,A12,0.9612839390000001,0.643794965,16256,7629.828613,8126.129395,0.02,22046.39613,6.5k,L,maj,1102319.807,1059642.326,42677.48088,,,,
3,3,3.9,C1,0.037654934,1.056553328,17846,7597.950195,8115.440918000001,0.02,28903.6686,6.5k,Sl,min,1445183.43,54418.28668,1390765.1430000002,,,,
3,3,3.9,C2,0.037299643,1.0808517690000001,21252,7563.359375,8044.741698999999,0.02,34766.889689999996,6.5k,Sl,min,1738344.485,64839.62869,1673504.856,,,,
3,3,3.9,C3,0.034765357999999996,0.936324158,19589,7611.061035,8085.187012,0.02,30170.487110000002,6.5k,Sl,min,1508524.355,52444.38926,1456079.966,,,,
3,3,3.9,C4,0.037160038,1.006363213,21727,7598.885254000001,8061.594238,0.02,34463.10177,6.5k,Sl,min,1723155.0880000002,64032.508570000005,1659122.58,,,,
3,3,3.9,C5,0.036276291,1.126274044,26687,7521.486328,8007.812012,0.02,44478.56605,6.5k,Sl,min,2223928.3019999997,80675.87026,2143252.432,,,,
3,3,3.9,C6,0.033701557,0.933170572,19361,7584.706055,8101.141113,0.02,29779.55549,6.5k,Sl,min,1488977.774,50180.86934,1438796.905,,,,
4,3,4.2,C7,0.952825948,1.258552237,21549,7422.835448999999,8166.368651999999,0.02,37881.29047,6.5k,Sl,maj,1894064.523,1804713.825,89350.69831,,,,
4,3,4.2,C8,0.9500197359999999,1.1060721359999999,23876,7568.396973000001,8139.442870999999,0.02,39466.20924,6.5k,Sl,maj,1973310.4619999998,1874683.884,98626.57783,,,,
4,3,4.2,C9,0.9468108609999999,1.434713154,28960,7544.411620999999,8135.725586,0.02,54539.777689999995,6.5k,Sl,maj,2726988.885,2581942.694,145046.1908,,,,
4,3,4.2,C10,0.946715937,1.219248469,25650,7557.337401999999,8172.265625,0.02,44388.35789,6.5k,Sl,maj,2219417.895,2101158.292,118259.6029,,,,
4,3,4.2,C11,0.950083769,1.06032364,27084,7580.862793000001,8176.976562999999,0.02,43934.10655,6.5k,Sl,maj,2196705.328,2087054.0769999998,109651.2506,,,,
4,3,4.2,C12,0.949595705,1.020672442,26596,7569.053223000001,8162.29248,0.02,42438.69642,6.5k,Sl,maj,2121934.821,2014980.1930000002,106954.6287,,,,
1,4,4.533333333,A1,0.043114639,0.549314224,9011,7589.396484000001,8892.929688,0.004,11711.39002,6.5k,L,min,2927847.506,126233.0883,2801614.418,,,,
1,4,4.533333333,A2,0.058981480999999995,0.439989576,5697,7580.262695,8875.007813,0.004,7041.922373,6.5k,L,min,1760480.593,103835.7527,1656644.84,,,,
1,4,4.533333333,A3,0.04577978,0.59356893,8032,7539.289551000001,8856.988281,0.004,10650.22182,6.5k,L,min,2662555.455,121891.20300000001,2540664.252,,,,
1,4,4.533333333,A4,0.046109275,0.6383786570000001,8703,7562.74707,8853.283203,0.004,11774.47572,6.5k,L,min,2943618.9289999995,135728.1347,2807890.7939999998,,,,
1,4,4.533333333,A5,0.042720595,0.8827198470000001,9221,7526.783691,8809.353516,0.004,13881.891609999999,6.5k,L,min,3470472.902,148260.6673,3322212.2339999997,,,,
1,4,4.533333333,A6,0.059309567,0.388133864,4806,7562.757812999999,8892.97168,0.004,5798.869211,6.5k,L,min,1449717.303,85982.1055,1363735.197,,,,
2,4,4.883333333,A7,0.958633854,0.514830688,9854,7583.0625,8926.739258,0.004,12607.2661,6.5k,L,maj,3151816.525,3021438.023,130378.5026,,,,
2,4,4.883333333,A8,0.965666128,0.438882792,9145,7549.132323999999,8864.19043,0.004,11298.11352,6.5k,L,maj,2824528.38,2727551.3839999996,96976.99587,,,,
2,4,4.883333333,A9,0.964687655,0.463922877,10257,7568.249023,8900.554688,0.004,12819.53504,6.5k,L,maj,3204883.7589999996,3091711.798,113171.961,,,,
2,4,4.883333333,A10,0.9561991940000001,0.424929515,11020,7564.880370999999,8872.433594,0.004,13526.68369,6.5k,L,maj,3381670.922,3233551.01,148119.91199999998,,,,
2,4,4.883333333,A11,0.969942423,0.40109037200000003,9154,7597.456055,8892.395508,0.004,11112.182509999999,6.5k,L,maj,2778045.627,2694544.3060000003,83501.32033,,,,
2,4,4.883333333,A12,0.969210305,0.310254426,9399,7574.075684,8882.71875,0.004,10932.31393,6.5k,L,maj,2733078.482,2648927.829,84150.65286,,,,
3,4,5.2,C1,0.039771087000000004,0.841914052,13809,7486.472168000001,8863.619141,0.004,20428.19305,6.5k,Sl,min,5107048.263,203112.8608,4903935.403,,,,
3,4,5.2,C2,0.03774959,0.919067553,16306,7456.342285,8798.115234,0.004,24931.103740000002,6.5k,Sl,min,6232775.935,235284.7361,5997491.199,,,,
3,4,5.2,C3,0.03724455,0.7803173809999999,14071,7512.25293,8877.969727,0.004,20267.761130000003,6.5k,Sl,min,5066940.283,188715.9107,4878224.3719999995,,,,
3,4,5.2,C4,0.035514624,0.7805485520000001,15736,7490.674316,8834.667969,0.004,22668.29705,6.5k,Sl,min,5667074.262999999,201264.0116,5465810.252,,,,
3,4,5.2,C5,0.041711728999999996,1.120722247,19523,7440.609375,8763.145508,0.004,32464.83114,6.5k,Sl,min,8116207.785,338541.0596,7777666.725,,,,
3,4,5.2,C6,0.038976926,0.732241907,14060,7503.985352,8848.167969,0.004,19830.339480000002,6.5k,Sl,min,4957584.87,193231.4186,4764353.451,,,,
4,4,5.5,C7,0.9520779079999999,1.003417129,14975,7407.960937999999,8893.676758,0.004,23723.95426,6.5k,Sl,maj,5930988.563999999,5646763.183999999,284225.3796,,,,
4,4,5.5,C8,0.951233133,0.8613520029999999,17167,7425.829102,8866.515625,0.004,25608.90678,6.5k,Sl,maj,6402226.694,6090010.157000001,312216.5377,,,,
4,4,5.5,C9,0.956063425,1.025650055,19987,7430.063477,8887.3125,0.004,31958.987960000002,6.5k,Sl,maj,7989746.989,7638704.871,351042.1178,,,,
4,4,5.5,C10,0.9545866890000001,1.009664891,19559,7419.955566,8883.40625,0.004,31067.03005,6.5k,Sl,maj,7766757.512,7414043.337,352714.1743,,,,
4,4,5.5,C11,0.953870778,0.8573379590000001,19004,7443.591309,8894.321289,0.004,28300.45024,6.5k,Sl,maj,7075112.561000001,6748743.123,326369.438,,,,
4,4,5.5,C12,0.953326673,0.936719845,19304,7444.318848000001,8894.748047,0.004,29736.51487,6.5k,Sl,maj,7434128.717,7087153.196,346975.5206,,,,
1,5,5.816666667000001,A1,0.033152041,1.564583221,19103,7455.607422,8969.52832,0.004,37793.74688,6.5k,L,min,9448436.721,313234.9615,9135201.759,,,,
1,5,5.816666667000001,A2,0.026391209,1.202080552,17471,7416.213379000001,8958.134766,0.004,30026.58689,6.5k,L,min,7506646.722999999,198109.4826,7308537.241,,,,
1,5,5.816666667000001,A3,0.028028751,1.287774852,18853,7416.580078,8972.77832,0.004,33528.35557,6.5k,L,min,8382088.893999999,234939.4825,8147149.411,,,,
1,5,5.816666667000001,A4,0.029548781,1.297679583,17698,7427.450195,8962.835938,0.004,31597.722410000002,6.5k,L,min,7899430.601,233418.5449,7666012.057,,,,
1,5,5.816666667000001,A5,0.028452768,1.311674368,20543,7413.052734000001,8966.842773,0.004,36880.05829,6.5k,L,min,9220014.572,262334.9356,8957679.636,,,,
1,5,5.816666667000001,A6,0.024320482999999997,1.302849995,16648,7360.815918000001,8976.058594,0.004,29783.77057,6.5k,L,min,7445942.642000001,181088.9214,7264853.721,,,,
2,5,6.166666667,A7,0.926516201,0.927436664,20019,7381.076172,8940.275391,0.004,30716.94559,6.5k,L,maj,7679236.399,7114936.935,564299.464,,,,
2,5,6.166666667,A8,0.9263329509999999,1.094040883,20968,7329.572754000001,8906.71875,0.004,34488.78543,6.5k,L,maj,8622196.357,7987024.595,635171.7615,,,,
2,5,6.166666667,A9,0.92360738,1.0572482429999999,21237,7361.45752,8963.594727,0.004,34405.672230000004,6.5k,L,maj,8601418.057,7944333.196,657084.8611,,,,
2,5,6.166666667,A10,0.9170203490000001,1.15624366,20331,7345.232422,8987.733398,0.004,34300.92239,6.5k,L,maj,8575230.596,7863660.954,711569.6421,,,,
2,5,6.166666667,A11,0.919969587,1.092056553,20231,7352.677245999999,8981.955078,0.004,33249.43948,6.5k,L,maj,8312359.87,7647118.277000001,665241.5934,,,,
2,5,6.166666667,A12,0.9186263020000001,1.096034962,19648,7326.276855,8988.09668,0.004,32344.07678,6.5k,L,maj,8086019.196,7428029.9120000005,657989.2841,,,,
3,5,6.5,C1,0.046484933,1.417473651,20520,7399.197754000001,8922.739258,0.004,38389.25175,6.5k,Sl,min,9597312.938,446130.4489,9151182.489,,,,
3,5,6.5,C2,0.041715001,1.5586142859999998,20834,7396.060547,8942.111328,0.004,41126.265739999995,6.5k,Sl,min,10281566.43,428895.5541,9852670.88,,,,
3,5,6.5,C3,0.045690370999999994,1.299733889,19189,7396.04541,8937.125,0.004,34287.51985,6.5k,Sl,min,8571879.962000001,391652.3756,8180227.586,,,,
3,5,6.5,C4,0.047450887000000004,1.4448275640000001,18315,7395.141602,8966.862305,0.004,34626.48179,6.5k,Sl,min,8656620.447,410764.3186,8245856.128,,,,
3,5,6.5,C5,0.043572272,1.658248159,18605,7446.928711,8996.404297,0.004,38110.752089999994,6.5k,Sl,min,9527688.023,415143.0141,9112545.009,,,,
3,5,6.5,C6,0.048755702000000005,1.453466845,18167,7360.131836,8924.06543,0.004,34460.58637,6.5k,Sl,min,8615146.592,420037.5199,8195109.072000001,,,,
4,5,6.816666667000001,C7,0.9547541079999999,1.7934882980000002,19797,7587.717773,9133.441406,0.004,42592.11123,6.5k,Sl,maj,10648027.81,10166248.29,481779.5162,,,,
4,5,6.816666667000001,C8,0.953828337,1.776498862,19411,7477.697265999999,9051.694336,0.004,41508.002360000006,6.5k,Sl,maj,10377000.59,9897877.215,479123.3742,,,,
4,5,6.816666667000001,C9,0.9522793959999999,1.830152854,18814,7597.612793000001,9149.09668,0.004,41010.06042,6.5k,Sl,maj,10252515.1,9763258.891,489256.2133,,,,
4,5,6.816666667000001,C10,0.9525764520000001,1.8086446,19256,7567.107422,9140.224609,0.004,41653.22937,6.5k,Sl,maj,10413307.34,9919471.361,493835.9805,,,,
4,5,6.816666667000001,C11,0.955872013,1.724647649,19299,7561.601073999999,9140.189453,0.004,40503.07459,6.5k,Sl,maj,10125768.65,9678938.861,446829.7873,,,,
4,5,6.816666667000001,C12,0.957914307,1.957178071,19897,7551.998047,9114.654297,0.004,45347.61653,6.5k,Sl,maj,11336904.13,10859782.67,477121.4669,,,,
1,6,7.1333333329999995,A1,0.031017511,1.4095098680000002,18762,7549.039062999999,9209.310547,0.004,34992.62742,6.5k,L,min,8748156.854,271346.0515,8476810.803,,,,
1,6,7.1333333329999995,A2,0.022386673,1.4365182330000001,18835,7463.676758,9163.194336,0.004,35496.18536,6.5k,L,min,8874046.341,198660.3736,8675385.968,,,,
1,6,7.1333333329999995,A3,0.027157906000000002,1.427064545,19872,7518.880370999999,9206.87207,0.004,37314.59295,6.5k,L,min,9328648.237,253346.5519,9075301.685,,,,
1,6,7.1333333329999995,A4,0.025929282,1.3986269880000002,18332,7512.727539,9212.354492,0.004,34047.06951,6.5k,L,min,8511767.377999999,220704.0167,8291063.3610000005,,,,
1,6,7.1333333329999995,A5,0.029452769,1.3677375180000002,19934,7529.32959,9233.641602,0.004,36581.02824,6.5k,L,min,9145257.061,269353.1437,8875903.918,,,,
1,6,7.1333333329999995,A6,0.021873324,1.304248755,18834,7410.85498,9165.076172,0.004,33713.180089999994,6.5k,L,min,8428295.022,184354.8278,8243940.195,,,,
2,6,7.45,A7,0.904637419,1.183116892,18107,7446.394531,9183.578125,0.004,30882.79033,6.5k,L,maj,7720697.584,6984431.935,736265.6487,,,,
2,6,7.45,A8,0.902393117,1.242988378,18582,7349.971191,9090.679688,0.004,32463.643939999998,6.5k,L,maj,8115910.9860000005,7323742.212,792168.7741,,,,
2,6,7.45,A9,0.905673932,1.1562760859999999,18107,7455.250977,9182.587891,0.004,30549.16004,6.5k,L,maj,7637290.01,6916894.472999999,720395.5368,,,,
2,6,7.45,A10,0.9012561490000001,1.2683009729999999,18115,7456.305176000001,9202.333984,0.004,31968.227639999997,6.5k,L,maj,7992056.91,7202890.433999999,789166.4767,,,,
2,6,7.45,A11,0.902806122,1.183632435,17807,7441.977539,9197.347656,0.004,30377.439039999997,6.5k,L,maj,7594359.76,6856234.484,738125.276,,,,
2,6,7.45,A12,0.900398699,1.12253516,16452,7417.792969,9204.199219,0.004,27378.324739999996,6.5k,L,maj,6844581.183999999,6162851.994,681729.1908,,,,
3,6,7.75,C1,0.045613677000000005,1.558253246,18227,7527.081543000001,9133.000977,0.004,35975.181710000004,6.5k,Sl,min,8993795.426,410240.0796,8583555.347000001,,,,
3,6,7.75,C2,0.042968155,1.633204413,19497,7527.549805,9100.878906,0.004,39570.88959,6.5k,Sl,min,9892722.397,425072.0293,9467650.367999999,,,,
3,6,7.75,C3,0.048357835999999994,1.547581739,17665,7560.308105,9156.200195,0.004,34726.508069999996,6.5k,Sl,min,8681627.019,419824.6956,8261802.323,,,,
3,6,7.75,C4,0.046016158,1.660289209,17871,7550.068359000001,9154.96582,0.004,36634.6984,6.5k,Sl,min,9158674.599,421447.0174,8737227.582,,,,
3,6,7.75,C5,0.043679449,1.828780065,18226,7605.169434,9189.857422,0.004,39708.98021,6.5k,Sl,min,9927245.052000001,433616.594,9493628.457999999,,,,
3,6,7.75,C6,0.044475626,1.65169993,16205,7527.479004000001,9163.490234,0.004,33114.6637,6.5k,Sl,min,8278665.924,368198.8494,7910467.074,,,,
4,6,8.083333332999999,C7,0.9547782459999999,2.067686825,19307,7748.296387,9296.461914,0.004,45701.001189999995,6.5k,Sl,maj,11425250.3,10908580.44,516669.8583,,,,
4,6,8.083333332999999,C8,0.953266085,2.074205648,19619,7737.569823999999,9255.243164,0.004,46542.15053,6.5k,Sl,maj,11635537.63,11091763.41,543774.2267,,,,
4,6,8.083333332999999,C9,0.959341474,2.355216907,18892,7758.954102,9300.324219,0.004,49158.575710000005,6.5k,Sl,maj,12289643.93,11789965.12,499678.8071,,,,
4,6,8.083333332999999,C10,0.955267311,2.177341776,19041,7740.51709,9304.513672,0.004,46758.484560000004,6.5k,Sl,maj,11689621.14,11166712.95,522908.1869,,,,
4,6,8.083333332999999,C11,0.957403233,2.145737083,19086,7718.787598000001,9317.857422,0.004,46379.0407,6.5k,Sl,maj,11594760.18,11100860.88,493899.2976,,,,
4,6,8.083333332999999,C12,0.95254057,1.879332065,18380,7708.071776999999,9286.78125,0.004,40766.90625,6.5k,Sl,maj,10191726.56,9708033.03,483693.5334,,,,
1,7,24.28333333,A1,0.046625305,2.220322089,20023,8198.696289,9078.325195,0.004,49872.3571,6.5k,L,min,12468089.28,581328.4653,11886760.81,,,,
1,7,24.28333333,A2,0.034199512,1.7484206880000002,16635,7878.24707,8956.706055,0.004,35213.91001,6.5k,L,min,8803477.502,301074.6345,8502402.867,,,,
1,7,24.28333333,A3,0.043022125,2.24036534,17427,8088.771973000001,9010.717773,0.004,43692.59617,6.5k,L,min,10923149.04,469937.0835,10453211.96,,,,
1,7,24.28333333,A4,0.042329222,2.4352836780000002,16600,8062.158691,9079.097656,0.004,44305.68656,6.5k,L,min,11076421.64,468856.3105,10607565.33,,,,
1,7,24.28333333,A5,0.050902847,2.22603784,19077,8219.87793,9069.695313,0.004,47605.377660000006,6.5k,L,min,11901344.41,605812.3138,11295532.1,,,,
1,7,24.28333333,A6,0.03247443,1.934198277,16890,7867.061523,8946.289063,0.004,38188.35814,6.5k,L,min,9547089.534,310036.2908,9237053.242999999,,,,
2,7,24.28333333,A7,0.9264189079999999,1.08433811,20740,7698.813477,8569.597656,0.004,33978.00167,6.5k,L,maj,8494500.418,7869465.801,625034.6168,,,,
2,7,24.28333333,A8,0.922677937,1.155693666,20767,7636.062988,8501.249023,0.004,35028.690689999996,6.5k,L,maj,8757172.673,8080050.016,677122.6571,,,,
2,7,24.28333333,A9,0.926930771,1.156409633,20631,7723.666992,8582.213867,0.004,34809.403589999994,6.5k,L,maj,8702350.897,8066476.8270000005,635874.0706,,,,
2,7,24.28333333,A10,0.9262981440000001,1.071290494,21701,7715.141113,8562.511719,0.004,35361.84682,6.5k,L,maj,8840461.705,8188903.268999999,651558.4356,,,,
2,7,24.28333333,A11,0.927827927,0.9785353940000001,19039,7723.760254000001,8559.241211,0.004,29849.6663,6.5k,L,maj,7462416.574,6923838.5,538578.0737,,,,
2,7,24.28333333,A12,0.9269169690000001,0.98606718,15744,7712.225098000001,8568.111328,0.004,24761.80981,6.5k,L,maj,6190452.453,5738035.425,452417.0285,,,,
3,7,24.9,C1,0.038927345,1.3879298519999999,23342,7715.767578,8469.860352,0.004,43172.56127,6.5k,Sl,min,10793140.32,420148.2967,10372992.02,,,,
3,7,24.9,C2,0.037582399,1.4430967959999998,22571,7837.969238,8518.90918,0.004,42644.58247,6.5k,Sl,min,10661145.62,400671.4284,10260474.19,,,,
3,7,24.9,C3,0.038995751,1.334880668,23053,7728.245117,8458.705078,0.004,41765.15862,6.5k,Sl,min,10441289.65,407165.9315,10034123.72,,,,
3,7,24.9,C4,0.039986216,1.436174333,21632,7802.349609000001,8498.280273,0.004,40761.98712,6.5k,Sl,min,10190496.78,407479.4054,9783017.375,,,,
3,7,24.9,C5,0.040912144,1.666625376,23369,7991.57373,8688.234375,0.004,48016.978689999996,6.5k,Sl,min,12004244.67,491119.3867,11513125.29,,,,
3,7,24.9,C6,0.039671732,1.104039092,21932,7816.512206999999,8558.200195,0.004,36222.65764,6.5k,Sl,min,9055664.41,359253.8915,8696410.518,,,,
4,7,24.9,C7,0.9500236940000001,1.637029021,20978,8199.53125,8612.866211,0.004,42636.91379,6.5k,Sl,maj,10659228.45,10126519.58,532708.8626,,,,
4,7,24.9,C8,0.953803518,1.3683755869999998,21455,8208.880859,8584.263672,0.004,39382.0102,6.5k,Sl,maj,9845502.549,9390674.968,454827.5813,,,,
4,7,24.9,C9,0.948728245,1.471320304,21109,8195.124023,8610.820313,0.004,40315.409960000005,6.5k,Sl,maj,10078852.49,9562092.034,516760.4555,,,,
4,7,24.9,C10,0.9426243940000001,1.662859532,16823,8230.458984,8662.137695,0.004,34518.94064,6.5k,Sl,maj,8629735.16,8134598.876,495136.2845,,,,
4,7,24.9,C11,0.955944621,1.255375117,20386,8215.921875,8651.083984,0.004,35791.55964,6.5k,Sl,maj,8947889.911,8553687.229,394202.6813,,,,
4,7,24.9,C12,0.951173213,1.218106526,15074,8218.520508,8663.339844,0.004,26074.22521,6.5k,Sl,maj,6518556.302999999,6200276.142999999,318280.1602,,,,
1,0,0.0,A1,0.9845844218212246,0.09011732630412207,6580,7779.97314453125,8867.275390625,0.4,6880.938488576116,17k,L,maj,17202.346221440286,16937.16210840531,265.18411303497385,0.9845844218212246,1.0,16937.16210840531,265.18411303497385
6,0,0.0,C4,0.048741082474365593,0.10841382394684083,7759,7743.00830078125,8717.3544921875,0.4,8187.189595909711,40k,L,min,20467.97398977428,997.6312083187578,19470.34278145552,0.9512589175256344,3.0,19470.34278145552,997.6312083187578
1,0,0.0,A2,0.9845844218212246,0.09011732630412207,6580,7779.97314453125,8867.275390625,0.4,6880.938488576116,17k,L,maj,17202.346221440286,16937.16210840531,265.18411303497385,0.9845844218212246,1.0,16937.16210840531,265.18411303497385
5,0,0.0,C3,0.96048521005197,1.152715991021303,9020,7315.67724609375,8336.2197265625,0.4,15196.087721806536,40k,L,maj,37990.21930451634,36489.04376861878,1501.1755358975568,0.03951478994802998,3.0,1501.1755358975568,36489.04376861878
1,0,0.0,A3,0.9845844218212246,0.09011732630412207,6580,7779.97314453125,8867.275390625,0.4,6880.938488576116,17k,L,maj,17202.346221440286,16937.16210840531,265.18411303497385,0.9845844218212246,1.0,16937.16210840531,265.18411303497385
7,0,0.0,C8,0.9735928818205536,0.1030438117613921,7927,7691.548828125,8421.8837890625,0.4,8342.426998729477,40k,Sl,maj,20856.067496823693,20305.31885767656,550.7486391471343,0.9735928818205536,4.0,20305.31885767656,550.7486391471343
2,0,0.0,A4,0.021972864466817132,0.6611546259118163,7748,7715.85205078125,8701.1328125,0.4,10589.515296841852,17k,L,min,26473.78824210463,581.7049609669817,25892.083281137646,0.021972864466817132,1.0,581.7049609669817,25892.083281137646
5,0,0.0,C2,0.96048521005197,1.152715991021303,9020,7315.67724609375,8336.2197265625,0.4,15196.087721806536,40k,L,maj,37990.21930451634,36489.04376861878,1501.1755358975568,0.03951478994802998,3.0,1501.1755358975568,36489.04376861878
4,0,0.0,A12,0.07609332548476222,0.5402676414134191,7358,7454.638671875,8465.5146484375,0.4,9523.756652296375,17k,Sl,min,23809.391630740938,1811.7357869521438,21997.655843788794,0.07609332548476222,2.0,1811.7357869521438,21997.655843788794
7,0,0.0,C9,0.9735928818205536,0.1030438117613921,7927,7691.548828125,8421.8837890625,0.4,8342.426998729477,40k,Sl,maj,20856.067496823693,20305.31885767656,550.7486391471343,0.9735928818205536,4.0,20305.31885767656,550.7486391471343
8,0,0.0,C12,0.015022986751166888,0.6529459584685804,7663,7281.70361328125,8454.7607421875,0.4,10435.099953235842,40k,Sl,min,26087.749883089604,391.9159208614106,25695.833962228196,0.015022986751166888,4.0,391.9159208614106,25695.833962228196
2,0,0.0,A6,0.021972864466817132,0.6611546259118163,7748,7715.85205078125,8701.1328125,0.4,10589.515296841852,17k,L,min,26473.78824210463,581.7049609669817,25892.083281137646,0.021972864466817132,1.0,581.7049609669817,25892.083281137646
8,0,0.0,C11,0.015022986751166888,0.6529459584685804,7663,7281.70361328125,8454.7607421875,0.4,10435.099953235842,40k,Sl,min,26087.749883089604,391.9159208614106,25695.833962228196,0.015022986751166888,4.0,391.9159208614106,25695.833962228196
3,0,0.0,A7,0.9916236303933316,0.12622041183387833,5723,8044.14013671875,8737.0390625,0.4,6091.775733670536,17k,Sl,maj,15229.43933417634,15101.871921410944,127.56741276539543,0.9916236303933316,2.0,15101.871921410944,127.56741276539543
3,0,0.0,A8,0.9916236303933316,0.12622041183387833,5723,8044.14013671875,8737.0390625,0.4,6091.775733670536,17k,Sl,maj,15229.43933417634,15101.871921410944,127.56741276539543,0.9916236303933316,2.0,15101.871921410944,127.56741276539543
8,0,0.0,C10,0.015022986751166888,0.6529459584685804,7663,7281.70361328125,8454.7607421875,0.4,10435.099953235842,40k,Sl,min,26087.749883089604,391.9159208614106,25695.833962228196,0.015022986751166888,4.0,391.9159208614106,25695.833962228196
3,0,0.0,A9,0.9916236303933316,0.12622041183387833,5723,8044.14013671875,8737.0390625,0.4,6091.775733670536,17k,Sl,maj,15229.43933417634,15101.871921410944,127.56741276539543,0.9916236303933316,2.0,15101.871921410944,127.56741276539543
2,0,0.0,A5,0.021972864466817132,0.6611546259118163,7748,7715.85205078125,8701.1328125,0.4,10589.515296841852,17k,L,min,26473.78824210463,581.7049609669817,25892.083281137646,0.021972864466817132,1.0,581.7049609669817,25892.083281137646
6,0,0.0,C5,0.048741082474365593,0.10841382394684083,7759,7743.00830078125,8717.3544921875,0.4,8187.189595909711,40k,L,min,20467.97398977428,997.6312083187578,19470.34278145552,0.9512589175256344,3.0,19470.34278145552,997.6312083187578
5,0,0.0,C1,0.96048521005197,1.152715991021303,9020,7315.67724609375,8336.2197265625,0.4,15196.087721806536,40k,L,maj,37990.21930451634,36489.04376861878,1501.1755358975568,0.03951478994802998,3.0,1501.1755358975568,36489.04376861878
4,0,0.0,A10,0.07609332548476222,0.5402676414134191,7358,7454.638671875,8465.5146484375,0.4,9523.756652296375,17k,Sl,min,23809.391630740938,1811.7357869521438,21997.655843788794,0.07609332548476222,2.0,1811.7357869521438,21997.655843788794
7,0,0.0,C7,0.9735928818205536,0.1030438117613921,7927,7691.548828125,8421.8837890625,0.4,8342.426998729477,40k,Sl,maj,20856.067496823693,20305.31885767656,550.7486391471343,0.9735928818205536,4.0,20305.31885767656,550.7486391471343
4,0,0.0,A11,0.07609332548476222,0.5402676414134191,7358,7454.638671875,8465.5146484375,0.4,9523.756652296375,17k,Sl,min,23809.391630740938,1811.7357869521438,21997.655843788794,0.07609332548476222,2.0,1811.7357869521438,21997.655843788794
6,0,0.0,C6,0.048741082474365593,0.10841382394684083,7759,7743.00830078125,8717.3544921875,0.4,8187.189595909711,40k,L,min,20467.97398977428,997.6312083187578,19470.34278145552,0.9512589175256344,3.0,19470.34278145552,997.6312083187578
4,1,0.4833333333333334,A11,0.089826973,0.070907969,345,7639.268555,8793.679688,0.015,357.3761659,17k,Sl,min,23825.077726666666,2140.134613676188,21684.94311299048,0.089826973,2.0,2140.134613676188,21684.94311299048
2,1,0.4833333333333334,A5,0.046089674,0.05377161,423,7894.846191,8835.381836,0.015,434.474612,17k,L,min,28964.974133333333,1334.986215223766,27629.98791810957,0.046089674,1.0,1334.986215223766,27629.98791810957
7,1,0.6000000000000005,C9,0.965734538,0.109098838,277,7746.599609000001,8508.168945,0.015,292.3848852,40k,Sl,maj,19492.32568,18824.41213512033,667.9135448796645,0.965734538,4.0,18824.41213512033,667.9135448796645
5,1,0.5833333333333339,C1,0.9435249090000001,0.151666206,495,7457.503418000001,9010.791016,0.015,533.4858813999998,40k,L,maj,35565.725426666664,33557.14784671465,2008.5775799520136,0.056475091,3.0,2008.5775799520136,33557.14784671465
5,1,0.5833333333333339,C2,0.9552678259999999,0.11643398,402,7499.442383,9002.564453,0.015,425.8572826,40k,L,maj,28390.48550666667,27120.517369037974,1269.9681376286915,0.044732174000000006,3.0,1269.9681376286915,27120.517369037974
7,1,0.6000000000000005,C8,0.962121403,0.099062529,277,7721.885254000002,8504.655273,0.015,290.9466489,40k,Sl,maj,19396.44326,18661.733202521093,734.7100574789073,0.962121403,4.0,18661.733202521093,734.7100574789073
1,1,0.4833333333333334,A3,0.979289941,1.85e-07,338,7975.071776999999,8824.12793,0.015,338.0000312,17k,L,maj,22533.33541333333,22066.668707456407,466.6667058769252,0.979289941,1.0,22066.668707456407,466.6667058769252
2,1,0.4833333333333334,A6,0.043654536,0.203018702,354,7911.383301000002,8873.691406,0.015,391.1493653,17k,L,min,26076.62435333333,1138.3629365910665,24938.261416742265,0.043654536,1.0,1138.3629365910665,24938.261416742265
6,1,0.5833333333333339,C6,0.0724759290000001,0.04401179,338,7890.159668000001,8764.608398,0.015,345.4925506,40k,L,min,23032.83670666667,1669.3262378209695,21363.5104688457,0.927524071,3.0,21363.5104688457,1669.3262378209695
5,1,0.5833333333333339,C3,0.9698375859999999,8.72e-08,431,7519.741698999998,8801.483398,0.015,431.00001889999993,40k,L,maj,28733.33459333333,27866.667859728692,866.6667336046414,0.030162414,3.0,866.6667336046414,27866.667859728692
8,1,0.6000000000000005,C11,0.033936652000000005,8.849999999999998e-08,442,7481.875977,8870.367188,0.015,442.0000196,40k,Sl,min,29466.667973333337,1000.0000566105588,28466.667916722778,0.033936652000000005,4.0,1000.0000566105588,28466.667916722778
2,1,0.4833333333333334,A4,0.058171745,1.04e-07,361,7891.716797,8849.494141,0.015,361.0000188,17k,L,min,24066.667920000004,1400.0000692419205,22666.667850758087,0.058171745,1.0,1400.0000692419205,22666.667850758087
8,1,0.6000000000000005,C12,0.027295285,6.55e-09,403,7454.554198999998,8739.566406,0.015,402.9999988,40k,Sl,min,26866.66658666667,733.333321483044,26133.333265183624,0.027295285,4.0,733.333321483044,26133.333265183624
7,1,0.6000000000000005,C7,0.958593717,0.050897647,495,7758.480956999999,8525.477539,0.015,507.7040239,40k,Sl,maj,33846.93492666667,32445.459160410526,1401.4757662561424,0.958593717,4.0,32445.459160410526,1401.4757662561424
4,1,0.4833333333333334,A10,0.0990991,3.18e-08,333,7629.67041,8715.032227,0.015,333.000005,17k,Sl,min,22200.00033333333,2200.000053033033,20000.0002803003,0.0990991,2.0,2200.000053033033,20000.0002803003
3,1,0.4833333333333334,A7,0.989637306,-4.5e-08,386,8216.995117,8869.15625,0.015,385.9999905,17k,Sl,maj,25733.3327,25466.666047629704,266.66665237029395,0.989637306,2.0,25466.666047629704,266.66665237029395
6,1,0.5833333333333339,C5,0.06229508299999997,7.13e-08,305,7903.923828,8759.101563,0.015,305.00001089999995,40k,L,min,20333.33406,1266.6667329344266,19066.66732706557,0.937704917,3.0,19066.66732706557,1266.6667329344266
6,1,0.5833333333333339,C4,0.07309375500000004,0.15816429699999998,280,7871.681640999999,8770.248047,0.015,302.7264637,40k,L,min,20181.76424666667,1475.160931313614,18706.60331535305,0.926906245,3.0,18706.60331535305,1475.160931313614
3,1,0.4833333333333334,A9,0.988934252,0.225640432,405,8221.610352,8847.849609,0.015,452.4090652,17k,Sl,maj,30160.60434666667,29826.85469943875,333.7496472279159,0.988934252,2.0,29826.85469943875,333.7496472279159
8,1,0.6000000000000005,C10,0.043621934,0.056533314,424,7447.333984000001,9016.382813,0.015,436.0979824,40k,Sl,min,29073.19882666667,1268.2291603857311,27804.969666280937,0.043621934,4.0,1268.2291603857311,27804.969666280937
3,1,0.4833333333333334,A8,0.992194403,0.408654903,316,8075.000977,8847.999023,0.015,384.9529191,17k,Sl,maj,25663.527940000004,25463.208783302118,200.3191566978816,0.992194403,2.0,25463.208783302118,200.3191566978816
1,1,0.4833333333333334,A1,0.985693799,0.291857449,486,8003.035156,8880.569336,0.015,560.3662935,17k,L,maj,37357.7529,36823.30537810427,534.4475218957293,0.985693799,1.0,36823.30537810427,534.4475218957293
1,1,0.4833333333333334,A2,0.982986988,0.412482681,290,7835.513672,8823.210938,0.015,353.9101401000001,17k,L,maj,23594.009340000004,23192.604175970468,401.4051640295333,0.982986988,1.0,23192.604175970468,401.4051640295333
4,1,0.4833333333333334,A12,0.100674031,0.037696623,293,7638.811523,8744.380859,0.015,298.5572513,17k,Sl,min,19903.816753333336,2003.7974648434,17900.019288489937,0.100674031,2.0,2003.7974648434,17900.019288489937
5,2,1.8166666666666664,C1,0.9541786640000001,0.026533614,862,7842.962890999999,8808.556641,0.015,873.4865599,40k,L,maj,58232.43732666666,55564.14924982253,2668.288076844135,0.045821336,3.0,2668.288076844135,55564.14924982253
3,2,1.7999999999999998,A9,0.995437956,9.64e-08,1096,8238.111328,8850.662109,0.015,1096.000053,17k,Sl,maj,73066.67020000001,72733.33683561411,333.33336438589197,0.995437956,2.0,72733.33683561411,333.33336438589197
1,2,1.7666666666666666,A1,0.982243455,0.307745369,1118,8095.645508,8834.116211,0.015,1298.8393199999996,17k,L,maj,86589.28799999999,85051.76141111003,1537.5265888899605,0.982243455,1.0,85051.76141111003,1537.5265888899605
7,2,1.833333333333334,C7,0.963666591,0.029233012000000006,977,7903.461426000002,8544.344727,0.015,991.3499015,40k,Sl,maj,66089.99343333334,63688.71867111272,2401.274762220617,0.963666591,4.0,63688.71867111272,2401.274762220617
8,2,1.833333333333334,C12,0.02675724,0.050131546,766,7751.18457,8796.496094,0.015,785.3607995,40k,Sl,min,52357.38663333334,1400.939159920892,50956.44747341245,0.02675724,4.0,1400.939159920892,50956.44747341245
3,2,1.7999999999999998,A8,0.990725622,0.371167124,1173,8389.28418,8835.774414,0.015,1404.125231,17k,Sl,maj,93608.34873333332,92740.18952322457,868.159210108752,0.990725622,2.0,92740.18952322457,868.159210108752
2,2,1.7666666666666666,A6,0.023928535,0.896930982,1004,8162.926758,9169.688477,0.015,1520.682413,17k,L,min,101378.82753333334,2425.846822890331,98952.98071044301,0.023928535,1.0,2425.846822890331,98952.98071044301
8,2,1.833333333333334,C10,0.018968169,0.113376174,948,7745.307617,8746.085938,0.015,1002.755567,40k,Sl,min,66850.37113333332,1268.0291373697885,65582.34199596355,0.018968169,4.0,1268.0291373697885,65582.34199596355
8,2,1.833333333333334,C11,0.016120587,0.145445511,867,7747.901367,9174.274414,0.015,931.5784954,40k,Sl,min,62105.23302666668,1001.1728121616533,61104.06021450501,0.016120587,4.0,1001.1728121616533,61104.06021450501
3,2,1.7999999999999998,A7,0.996925442,1.28e-07,1301,8472.696289,8853.000977,0.015,1301.000083,17k,Sl,maj,86733.33886666666,86466.67218578744,266.66668087922136,0.996925442,2.0,86466.67218578744,266.66668087922136
2,2,1.7666666666666666,A5,0.030131758,0.503524857,1156,8168.307129000002,8919.032227,0.015,1471.358871,17k,L,min,98090.59140000002,2955.6419621416817,95134.94943785832,0.030131758,1.0,2955.6419621416817,95134.94943785832
7,2,1.833333333333334,C8,0.968292682,4.35e-08,820,7844.705078,8525.407227,0.015,820.0000187999998,40k,Sl,maj,54666.66791999999,52933.334496260155,1733.3334237398346,0.968292682,4.0,52933.334496260155,1733.3334237398346
4,2,1.7999999999999998,A11,0.090661606,0.021776962,557,8025.25,8804.897461,0.015,563.0868961,17k,Sl,min,37539.12640666667,3403.357487865409,34135.76891880127,0.090661606,2.0,3403.357487865409,34135.76891880127
5,2,1.8166666666666664,C2,0.967167799,0.076623697,822,7884.484863,8885.178711,0.015,853.8944766000002,40k,L,maj,56926.29844000001,55057.282767431934,1869.0156725680663,0.032832201,3.0,1869.0156725680663,55057.282767431934
4,2,1.7999999999999998,A12,0.104951748,0.05118108,624,8017.928223000001,8748.856445,0.015,640.1047051,17k,Sl,min,42673.64700666667,4478.673846884635,38194.973159782036,0.104951748,2.0,4478.673846884635,38194.973159782036
6,2,1.8166666666666664,C4,0.038348569000000055,0.132931089,612,8104.63623,8776.130859,0.015,653.5778522,40k,L,min,43571.85681333334,1670.9183574642361,41900.9384558691,0.961651431,3.0,41900.9384558691,1670.9183574642361
1,2,1.7666666666666666,A2,0.976937903,0.263915555,841,8144.097168000001,8817.510742,0.015,956.8522375,17k,L,maj,63790.14916666668,62319.01455894053,1471.1346077261396,0.976937903,1.0,62319.01455894053,1471.1346077261396
6,2,1.8166666666666664,C5,0.053050245,0.05416686,735,8096.333495999998,8776.941406,0.015,755.0860226,40k,L,min,50339.06817333333,2670.499899667036,47668.5682736663,0.946949755,3.0,47668.5682736663,2670.499899667036
7,2,1.833333333333334,C9,0.961364012,0.10959482,737,7855.539062999998,8516.379883,0.015,778.1232206,40k,Sl,maj,51874.88137333333,49870.6440790918,2004.2372942415307,0.961364012,4.0,49870.6440790918,2004.2372942415307
6,2,1.8166666666666664,C6,0.04453441299999994,-9.68e-09,741,8048.396484000001,8803.800781,0.015,740.9999952000002,40k,L,min,49399.99968000001,2199.999987948985,47199.999692051024,0.955465587,3.0,47199.999692051024,2199.999987948985
1,2,1.7666666666666666,A3,0.987811106,0.184571277,900,8135.919434,8809.844727,0.015,985.6106167000003,17k,L,maj,65707.37444666668,64906.47422451795,800.9002221487292,0.987811106,1.0,64906.47422451795,800.9002221487292
5,2,1.8166666666666664,C3,0.959099367,0.031126038,819,7895.891602,8841.451172,0.015,831.8122341,40k,L,maj,55454.14894,53186.03914587772,2268.1097941222793,0.040900633,3.0,2268.1097941222793,53186.03914587772
2,2,1.7666666666666666,A4,0.031445252,0.619088517,1221,8143.961426000002,8790.273438,0.015,1637.704462,17k,L,min,109180.29746666669,3433.201967274295,105747.09549939237,0.031445252,1.0,3433.201967274295,105747.09549939237
4,2,1.7999999999999998,A10,0.091186838,0.037946387000000005,636,8012.791015999999,8776.318359,0.015,648.1432655,17k,Sl,min,43209.55103333334,3940.1423301293,39269.40870320403,0.091186838,2.0,3940.1423301293,39269.40870320403
3,3,3.1166666666666663,A9,0.995620996,0.095729379,2396,7863.535645,8575.821289,0.01,2512.513285,17k,Sl,maj,251251.3285,250151.0979274932,1100.230572506819,0.995620996,2.0,250151.0979274932,1100.230572506819
6,3,3.1500000000000004,C5,0.03780402000000005,0.086657615,1269,7868.045898,8563.172852,0.01,1324.778292,40k,L,min,132477.8292,5008.194504633389,127469.63469536662,0.96219598,3.0,127469.63469536662,5008.194504633389
3,3,3.1166666666666663,A8,0.99338999,2.29e-07,2118,7937.088867,8586.594727,0.01,2118.000243,17k,Sl,maj,211800.0243,210400.02402137677,1400.0002786232544,0.99338999,2.0,210400.02402137677,1400.0002786232544
4,3,3.1166666666666663,A12,0.095759354,0.036663036,945,7832.679687999998,8595.651367,0.01,962.4291362,17k,Sl,min,96242.91362,9216.159235329003,87026.754384671,0.095759354,2.0,9216.159235329003,87026.754384671
1,3,3.083333333333333,A1,0.98227573,0.022375496,2567,7951.228026999999,8588.336914,0.01,2595.826048,17k,L,maj,259582.6048,254981.69262522148,4600.912174778492,0.98227573,1.0,254981.69262522148,4600.912174778492
6,3,3.1500000000000004,C6,0.04934640599999995,0.017387303,1226,7896.928711,8577.74707,0.01,1236.689303,40k,L,min,123668.9303,6102.617244169494,117566.31305583051,0.950653594,3.0,117566.31305583051,6102.617244169494
6,3,3.1500000000000004,C4,0.046548957000000064,1.24e-07,1246,7864.270995999998,8587.111328,0.01,1246.000078,40k,L,min,124600.0078,5800.000405281872,118800.00739471815,0.953451043,3.0,118800.00739471815,5800.000405281872
8,3,3.1500000000000004,C10,0.010924562,0.238999746,1549,7573.195312999998,8625.516602,0.01,1741.4716460000002,40k,Sl,min,174147.16460000002,1902.4814967969053,172244.6831032031,0.010924562,4.0,1902.4814967969053,172244.6831032031
7,3,3.1500000000000004,C8,0.927810869,0.026613843,561,7591.658691,8390.723633,0.01,568.4982954,40k,Sl,maj,56849.82953999999,52745.88974800927,4103.939791990724,0.927810869,4.0,52745.88974800927,4103.939791990724
3,3,3.1166666666666663,A7,0.99651433,2.4e-07,2582,7932.116211,8593.075195,0.01,2582.000310000001,17k,Sl,maj,258200.031,257300.03089794426,900.000102055769,0.99651433,2.0,257300.03089794426,900.000102055769
4,3,3.1166666666666663,A10,0.084037049,0.01373285,946,7833.920898,8561.413086,0.01,952.5105055,17k,Sl,min,95251.05055,8004.617202371827,87246.43334762818,0.084037049,2.0,8004.617202371827,87246.43334762818
2,3,3.083333333333333,A4,0.010975263999999998,0.335034225,3025,7950.714844,8632.704102,0.01,3559.982304,17k,L,min,355998.2304,3907.1745621728246,352091.0558378272,0.010975263999999998,1.0,3907.1745621728246,352091.0558378272
1,3,3.083333333333333,A2,0.983635473,0.139483706,2227,7924.722168000001,8576.72168,0.01,2385.924591,17k,L,maj,238592.4591,234688.0063610616,3904.4527389383497,0.983635473,1.0,234688.0063610616,3904.4527389383497
5,3,3.1500000000000004,C3,0.970973896,0.167377239,1272,7766.679198999998,8648.05957,0.01,1381.420143,40k,L,maj,138142.0143,134132.28982615873,4009.724473841288,0.029026104,3.0,4009.724473841288,134132.28982615873
5,3,3.1500000000000004,C1,0.9707268609999999,0.045792245,1537,7695.478515999999,8684.875977,0.01,1572.459913,40k,L,maj,157245.99130000002,152642.90753948234,4603.083760517691,0.029273139,3.0,4603.083760517691,152642.90753948234
8,3,3.1500000000000004,C11,0.0044929390000000005,-8.25e-08,1558,7571.487793000001,8611.418945,0.01,1557.999936,40k,Sl,min,155799.9936,699.9998674451904,155099.99373255478,0.0044929390000000005,4.0,699.9998674451904,155099.99373255478
5,3,3.1500000000000004,C2,0.975396965,0.12832021,1299,7748.339355,8669.367188,0.01,1384.12594,40k,L,maj,138412.594,135007.22410537722,3405.36989462279,0.024603035,3.0,3405.36989462279,135007.22410537722
2,3,3.083333333333333,A6,0.011825453,0.38593137,2883,7948.687012,8752.691406,0.01,3475.015116,17k,L,min,347501.5116,4109.362792854754,343392.1488071452,0.011825453,1.0,4109.362792854754,343392.1488071452
2,3,3.083333333333333,A5,0.009810381,0.535885492,2690,7956.305176000002,8693.25,0.01,3474.834639,17k,L,min,347483.46390000003,3408.9451720587463,344074.51872794126,0.009810381,1.0,3408.9451720587463,344074.51872794126
8,3,3.1500000000000004,C12,0.007217421,0.31240972100000003,1787,7577.490723000001,8868.680664,0.01,2080.64874,40k,Sl,min,208064.87399999995,1501.6917909699537,206563.18220903,0.007217421,4.0,1501.6917909699537,206563.18220903
4,3,3.1166666666666663,A11,0.079926509,0.016344213,832,7814.69043,8587.753906,0.01,838.8177139,17k,Sl,min,83881.77139,6704.377155938778,77177.39423406121,0.079926509,2.0,6704.377155938778,77177.39423406121
1,3,3.083333333333333,A3,0.983930091,0.093881995,2021,7962.630370999998,8568.384766,0.01,2117.351934,17k,L,maj,211735.1934,208332.62810996454,3402.5652900354107,0.983930091,1.0,208332.62810996454,3402.5652900354107
7,3,3.1500000000000004,C9,0.928580221,0.04308226,700,7625.713379000002,8404.860352,0.01,715.1870591,40k,Sl,maj,71518.70591,66410.8557395418,5107.8501704582,0.928580221,4.0,66410.8557395418,5107.8501704582
7,3,3.1500000000000004,C7,0.930386845,0.039088734,790,7560.208008,8404.756836,0.01,805.5406361,40k,Sl,maj,80554.06361,74946.4410940372,5607.622515962788,0.930386845,4.0,74946.4410940372,5607.622515962788
6,4,4.35,C4,0.04453604200000005,0.041048867,2290,7848.519531,8586.388672,0.005,2337.3225,40k,L,min,467464.50000000006,20819.018605509027,446645.48139449104,0.955463958,3.0,446645.48139449104,20819.018605509027
8,4,4.333333333333334,C12,0.006057971,0.118500911,2803,7563.963867,8474.581055,0.005,2972.358345,40k,Sl,min,594471.669,3601.292131123599,590870.3768688764,0.006057971,4.0,3601.292131123599,590870.3768688764
7,4,4.333333333333334,C8,0.891237954,0.016144664,639,7523.665526999999,8478.777344,0.005,644.1720998,40k,Sl,maj,128834.41995999998,114822.12484992715,14012.29511007283,0.891237954,4.0,114822.12484992715,14012.29511007283
6,4,4.35,C5,0.045772875999999914,0.04830203,2370,7835.124512,8584.669922,0.005,2427.698672,40k,L,min,485539.7344,22224.55005576409,463315.1843442359,0.954227124,3.0,463315.1843442359,22224.55005576409
8,4,4.333333333333334,C10,0.004803494,1.25e-07,2290,7546.105469,8479.763672,0.005,2290.000144,40k,Sl,min,458000.0288,2200.0003903406273,455800.0284096594,0.004803494,4.0,2200.0003903406273,455800.0284096594
8,4,4.333333333333334,C11,0.004048583,1.31e-07,2717,7539.650879000002,8473.537109,0.005,2717.000178,40k,Sl,min,543400.0356000001,2200.0001463295553,541200.0354536704,0.004048583,4.0,2200.0001463295553,541200.0354536704
6,4,4.35,C6,0.03729612500000001,0.012590954,2212,7837.885742,8597.428711,0.005,2225.954818,40k,L,min,445190.9636,16603.897827296056,428587.06577270397,0.962703875,3.0,428587.06577270397,16603.897827296056
5,4,4.35,C2,0.980831177,0.293304372,1995,7720.792969,8670.821289,0.005,2301.852711,40k,L,maj,460370.5422,451545.7807621541,8824.761437845831,0.019168823,3.0,8824.761437845831,451545.7807621541
5,4,4.35,C1,0.975270957,0.257686776,2253,7685.729492,8582.829102,0.005,2555.737442,40k,L,maj,511147.4884,498507.3001800144,12640.1882199856,0.024729043,3.0,12640.1882199856,498507.3001800144
5,4,4.35,C3,0.979344828,0.479916384,2164,7758.226562999998,8612.34668,0.005,2724.6452870000007,40k,L,maj,544929.0574,533673.4539916052,11255.603408394873,0.020655172,3.0,11255.603408394873,533673.4539916052
7,4,4.333333333333334,C7,0.900284218,0.010528613,1058,7536.931640999999,8481.012695,0.005,1063.57941,40k,Sl,maj,212715.88199999998,191504.75148255032,21211.130517449717,0.900284218,4.0,191504.75148255032,21211.130517449717
2,4,4.250000000000001,A6,0.01123323,1.390990608,4409,7814.559081999999,8506.327148,0.005,8164.419376999998,17k,L,min,1632883.8753999998,18342.56013565954,1614541.3152643403,0.01123323,1.0,18342.56013565954,1614541.3152643403
4,4,4.283333333333334,A11,0.092014748,0.016196461000000002,1478,7729.024414,8595.091797,0.005,1490.001494,17k,Sl,min,298000.2988,27420.422398006704,270579.8764019933,0.092014748,2.0,27420.422398006704,270579.8764019933
3,4,4.283333333333334,A7,0.995222117,0.105866333,3973,7799.50293,8599.386719,0.005,4187.013453000001,17k,Sl,maj,837402.6906000002,833401.6785204281,4001.01207957194,0.995222117,2.0,833401.6785204281,4001.01207957194
4,4,4.283333333333334,A10,0.08614082599999999,0.035019325,1451,7743.393066,8658.228516,0.005,1476.554804,17k,Sl,min,295310.96079999994,25438.33009016561,269872.63070983434,0.08614082599999999,2.0,25438.33009016561,269872.63070983434
2,4,4.250000000000001,A5,0.006737589,0.7186081540000001,5200,7813.292969,8663.666016,0.005,7290.250982,17k,L,min,1458050.1963999998,9823.74296471248,1448226.453435287,0.006737589,1.0,9823.74296471248,1448226.453435287
7,4,4.333333333333334,C9,0.903165788,0.014473623,790,7568.234375,8471.734375,0.005,795.7308724,40k,Sl,maj,159146.17448,143735.38008141468,15410.794398585305,0.903165788,4.0,143735.38008141468,15410.794398585305
3,4,4.283333333333334,A8,0.994576094,0.054362076,3410,7763.099120999998,8587.751953,0.005,3503.527078,17k,Sl,maj,700705.4156,696904.8552920946,3800.560307905318,0.994576094,2.0,696904.8552920946,3800.560307905318
2,4,4.250000000000001,A4,0.008232606,0.662231427,4810,7819.062012,8695.952148,0.005,6577.180647,17k,L,min,1315436.1294,10829.467371515217,1304606.6620284847,0.008232606,1.0,10829.467371515217,1304606.6620284847
4,4,4.283333333333334,A12,0.091954757,0.022399417,1604,7755.402344,8621.988281,0.005,1622.031397,17k,Sl,min,324406.2794,29830.700591501107,294575.5788084989,0.091954757,2.0,29830.700591501107,294575.5788084989
3,4,4.283333333333334,A9,0.99157236,0.07206631299999999,3321,7763.822265999999,8603.001953,0.005,3442.103304,17k,Sl,maj,688420.6608,682618.8993022154,5801.761497784482,0.99157236,2.0,682618.8993022154,5801.761497784482
1,4,4.250000000000001,A3,0.97594176,0.03202296,2660,7896.435059,8555.579102,0.005,2702.817845,17k,L,maj,540563.569,527558.5609217414,13005.008078258565,0.97594176,1.0,527558.5609217414,13005.008078258565
1,4,4.250000000000001,A1,0.977459475,0.033545966,2706,7864.111816,8560.962891,0.005,2751.64145,17k,L,maj,550328.29,537923.6014210478,12404.688578952271,0.977459475,1.0,537923.6014210478,12404.688578952271
1,4,4.250000000000001,A2,0.975677229,0.08475314699999999,2486,7844.495605,8562.255859,0.005,2592.836082,17k,L,maj,518567.2164,505954.2247473954,12612.991652604596,0.975677229,1.0,505954.2247473954,12612.991652604596
2,5,5.583333333333332,A4,0.006578745,0.201999599,7575,7463.795898,8525.693359,0.003,8365.813406000001,17k,L,min,2788604.4686666667,18345.51770521849,2770258.9509614487,0.006578745,1.0,18345.51770521849,2770258.9509614487
1,5,5.583333333333332,A3,0.977797646,0.032129548,4301,7478.246094,8463.384766,0.003,4370.464582,17k,L,maj,1456821.5273333332,1424476.6600686575,32344.867264675388,0.977797646,1.0,1424476.6600686575,32344.867264675388
6,5,5.683333333333334,C5,0.044099892000000085,0.065404697,7254,7621.334961,8491.808594,0.003,7493.808566,40k,L,min,2497936.1886666664,110158.71614309182,2387777.4725235747,0.955900108,3.0,2387777.4725235747,110158.71614309182
5,5,5.683333333333334,C2,0.97670445,0.5432843589999999,5666,7453.456543000001,8504.733398,0.003,7343.80752,40k,L,maj,2447935.84,2390909.828242488,57026.011757512,0.02329555,3.0,57026.011757512,2390909.828242488
6,5,5.683333333333334,C4,0.04738310900000009,0.052686179000000014,5887,7602.687012,8501.176758,0.003,6043.443484,40k,L,min,2014481.1613333332,95452.38044590413,1919028.7808874291,0.952616891,3.0,1919028.7808874291,95452.38044590413
8,5,5.616666666666667,C12,0.003774865,0.935088035,5689,7441.832031,8489.213867,0.003,8757.47348,40k,Sl,min,2919157.8266666667,11019.426709360068,2908138.3999573067,0.003774865,4.0,11019.426709360068,2908138.3999573067
5,5,5.683333333333334,C3,0.968388385,0.589992936,4655,7517.011719,8567.875,0.003,6162.462170000002,40k,L,maj,2054154.0566666669,1989218.9294766318,64935.127190034866,0.031611615,3.0,64935.127190034866,1989218.9294766318
2,5,5.583333333333332,A5,0.00765945,0.183728818,7161,7486.192870999998,8583.629883,0.003,7838.97377,17k,L,min,2612991.256666667,20014.0758808755,2592977.1807857915,0.00765945,1.0,20014.0758808755,2592977.1807857915
4,5,5.6000000000000005,A11,0.108127329,0.105606123,3928,7675.657227,8539.608398,0.003,4139.060382,17k,Sl,min,1379686.7939999998,149181.8478917932,1230504.9461082066,0.108127329,2.0,149181.8478917932,1230504.9461082066
7,5,5.616666666666667,C9,0.910612836,0.044153145,2226,7474.753906,8353.242188,0.003,2275.5040710000007,40k,Sl,maj,758501.3570000002,690701.0718076185,67800.28519238158,0.910612836,4.0,690701.0718076185,67800.28519238158
4,5,5.6000000000000005,A12,0.111922573,0.049952979,4431,7698.28418,8492.352539,0.003,4542.592175,17k,Sl,min,1514197.3916666666,169472.86810522212,1344724.5235614446,0.111922573,2.0,169472.86810522212,1344724.5235614446
1,5,5.583333333333332,A2,0.976337679,0.063538868,5450,7455.976073999998,8428.407227,0.003,5624.976847999998,17k,L,maj,1874992.2826666662,1830625.6134016847,44366.66926498137,0.976337679,1.0,1830625.6134016847,44366.66926498137
2,5,5.583333333333332,A6,0.00829604,0.138772641,7883,7493.762695,8719.288086,0.003,8442.619106999999,17k,L,min,2814206.3689999995,23346.768605478755,2790859.600394521,0.00829604,1.0,23346.768605478755,2790859.600394521
3,5,5.6000000000000005,A9,0.992601246,0.040303531,6757,7596.58252,8519.487305,0.003,6894.080111,17k,Sl,maj,2298026.703666666,2281024.169400806,17002.53426586058,0.992601246,2.0,2281024.169400806,17002.53426586058
7,5,5.616666666666667,C8,0.912129464,0.041572207,2401,7451.074219,8357.160156,0.003,2451.253218,40k,Sl,maj,817084.406,745286.7612875383,71797.64471246157,0.912129464,4.0,745286.7612875383,71797.64471246157
1,5,5.583333333333332,A1,0.973026691,0.065675282,7542,7469.541504000002,8427.083984,0.003,7792.372165000002,17k,L,maj,2597457.3883333337,2527395.3675834853,70062.02074984816,0.973026691,1.0,2527395.3675834853,70062.02074984816
4,5,5.6000000000000005,A10,0.105071259,0.107785416,3947,7663.30957,8545.785156,0.003,4163.535032,17k,Sl,min,1387845.0106666666,145822.6225676151,1242022.3880990513,0.105071259,2.0,145822.6225676151,1242022.3880990513
8,5,5.616666666666667,C10,0.004699753,0.5622582629999999,5704,7422.819336,8537.84668,0.003,7457.04392,40k,Sl,min,2485681.306666666,11682.088178050586,2473999.218488616,0.004699753,4.0,11682.088178050586,2473999.218488616
5,5,5.683333333333334,C1,0.980235132,0.212845733,7033,7423.387695,8503.21582,0.003,7808.003506,40k,L,maj,2602667.8353333334,2551226.4491201243,51441.38621320907,0.019764868,3.0,51441.38621320907,2551226.4491201243
3,5,5.6000000000000005,A7,0.995013082,0.151035404,8006,7589.597168000001,8483.672852,0.003,8625.808142,17k,Sl,maj,2875269.3806666667,2860930.648037371,14338.732629295313,0.995013082,2.0,2860930.648037371,14338.732629295313
6,5,5.683333333333334,C6,0.04178434200000003,0.046074998,7047,7671.487793000001,8517.427734,0.003,7210.591888,40k,L,min,2403530.629333333,100429.9458235393,2303100.6835097936,0.958215658,3.0,2303100.6835097936,100429.9458235393
8,5,5.616666666666667,C11,0.004466431,0.197592829,5691,7433.402344,8516.932617,0.003,6271.754465,40k,Sl,min,2090584.8216666663,9337.45285562147,2081247.368811045,0.004466431,4.0,9337.45285562147,2081247.368811045
3,5,5.6000000000000005,A8,0.994293998,0.049070159,7184,7542.348633,8510.760742,0.003,7361.701469,17k,Sl,maj,2453900.4896666664,2439898.5285648275,14001.961101839084,0.994293998,2.0,2439898.5285648275,14001.961101839084
7,5,5.616666666666667,C7,0.913023132,0.046813215,2690,7445.772461,8360.542969,0.003,2753.455013,40k,Sl,maj,917818.3376666666,837989.3732634536,79828.96440321303,0.913023132,4.0,837989.3732634536,79828.96440321303
5,6,6.516666666666668,C3,0.9825251209999999,0.13731895,5514,7466.374023,8694.672852,0.002,5901.250182,40k,L,maj,2950625.091,2899063.2745604115,51561.81643958898,0.017474879,3.0,51561.81643958898,2899063.2745604115
4,6,6.533333333333334,A12,0.08001605,0.052698278,5929,7424.477539,8520.279297,0.002,6086.596104,17k,Sl,min,3043298.0519999997,243512.68909373466,2799785.3629062655,0.08001605,2.0,243512.68909373466,2799785.3629062655
6,6,6.516666666666668,C6,0.07287644799999993,0.03615774,4912,7578.619140999999,8624.632813,0.002,5001.338552,40k,L,min,2500669.276,182239.89445761146,2318429.3815423893,0.927123552,3.0,2318429.3815423893,182239.89445761146
7,6,6.550000000000002,C9,0.867158568,0.017237864,2518,7361.914062999998,8387.943359,0.002,2539.764821,40k,Sl,maj,1269882.4105,1101189.4126175682,168692.9978824318,0.867158568,4.0,1101189.4126175682,168692.9978824318
6,6,6.516666666666668,C4,0.07934716900000005,0.029200301,4688,7614.830078,8615.130859,0.002,4756.778605,40k,L,min,2378389.3025,188718.4579332597,2189670.84456674,0.920652831,3.0,2189670.84456674,188718.4579332597
4,6,6.533333333333334,A11,0.08513354599999999,0.036094742,4980,7454.0625,8539.970703,0.002,5070.41657,17k,Sl,min,2535208.285,215831.2711506286,2319377.013849372,0.08513354599999999,2.0,215831.2711506286,2319377.013849372
4,6,6.533333333333334,A10,0.099671157,0.038057865,4685,7465.981445,8545.990234,0.002,4774.7160159999985,17k,Sl,min,2387358.008,237950.7348305752,2149407.2731694244,0.099671157,2.0,237950.7348305752,2149407.2731694244
7,6,6.550000000000002,C7,0.878209701,0.016267137,2299,7341.794922,8387.097656,0.002,2317.74977,40k,Sl,maj,1158874.885,1017735.1662522592,141139.71874774067,0.878209701,4.0,1017735.1662522592,141139.71874774067
6,6,6.516666666666668,C5,0.07580002699999999,0.053201715,5098,7616.043456999999,8610.19043,0.002,5234.8135729999985,40k,L,min,2617406.7864999995,198399.5050866832,2419007.2814133163,0.924199973,3.0,2419007.2814133163,198399.5050866832
1,6,6.5166666666666675,A1,0.979555461,0.056955795,6137,7494.927734000001,8659.845703,0.002,6313.427783,17k,L,maj,3156713.8915,3092176.3312333864,64537.560266613815,0.979555461,1.0,3092176.3312333864,64537.560266613815
5,6,6.516666666666668,C2,0.984487711,0.224148417,5843,7446.364258,8608.865234,0.002,6522.293057,40k,L,maj,3261146.5285,3210558.681078561,50587.84742143873,0.015512289,3.0,50587.84742143873,3210558.681078561
3,6,6.533333333333334,A8,0.992893301,0.103388908,5483,7844.865234000001,8665.415039,0.002,5771.323925,17k,Sl,maj,2885661.9625,2865154.4315167633,20507.53098323693,0.992893301,2.0,2865154.4315167633,20507.53098323693
2,6,6.5166666666666675,A6,0.012423896,0.33263671100000003,5146,7616.750977,8756.564453,0.002,6049.236185,17k,L,min,3024618.0925,37577.54062093838,2987040.5518790614,0.012423896,1.0,37577.54062093838,2987040.5518790614
3,6,6.533333333333334,A9,0.993769931,0.130021776,4969,7801.360352,8642.400391,0.002,5299.037484,17k,Sl,maj,2649518.742,2633012.0574205467,16506.684579453213,0.993769931,2.0,2633012.0574205467,16506.684579453213
5,6,6.516666666666668,C1,0.984995835,0.164436561,6584,7414.64502,8635.332031,0.002,7140.154086,40k,L,maj,3570077.043,3516511.0179841155,53566.02501588409,0.015004165,3.0,53566.02501588409,3516511.0179841155
1,6,6.5166666666666675,A2,0.977756776,0.053841338,5124,7553.896973000001,8663.600586,0.002,5263.179275,17k,L,maj,2631589.6375,2573054.599717009,58535.03778299133,0.977756776,1.0,2573054.599717009,58535.03778299133
1,6,6.5166666666666675,A3,0.981516533,0.077981445,4948,7581.801758,8657.503906,0.002,5143.433282,17k,L,maj,2571716.641,2524182.4013327253,47534.239667274414,0.981516533,1.0,2524182.4013327253,47534.239667274414
7,6,6.550000000000002,C8,0.882469533,0.020716913,2327,7353.689941,8390.287109,0.002,2351.187355,40k,Sl,maj,1175593.6775,1037425.6035811777,138168.07391882245,0.882469533,4.0,1037425.6035811777,138168.07391882245
2,6,6.5166666666666675,A4,0.009179411,0.225210854,4394,7591.67041,8796.635742,0.002,4907.344513,17k,L,min,2453672.2565,22523.266101710924,2431148.990398289,0.009179411,1.0,22523.266101710924,2431148.990398289
8,6,6.550000000000002,C11,0.003484875,0.214320982,6718,7325.02002,8735.427734,0.002,7463.599609000001,40k,Sl,min,3731799.8045,13004.85584370694,3718794.948656293,0.003484875,4.0,13004.85584370694,3718794.948656293
8,6,6.550000000000002,C12,0.004522791,0.090019297,7402,7297.248047,8677.376953,0.002,7740.159237000002,40k,Sl,min,3870079.6185,17503.561267835234,3852576.057232165,0.004522791,4.0,17503.561267835234,3852576.057232165
3,6,6.533333333333334,A7,0.993868165,1.03e-07,5871,7796.28125,8667.837891,0.002,5871.000304,17k,Sl,maj,2935500.152,2917500.1494254614,18000.00257453901,0.993868165,2.0,2917500.1494254614,18000.00257453901
8,6,6.550000000000002,C10,0.00375972,0.128315803,6242,7335.038573999998,8491.671875,0.002,6651.035787,40k,Sl,min,3325517.8935,12503.016134549816,3313014.87736545,0.00375972,4.0,12503.016134549816,3313014.87736545
2,6,6.5166666666666675,A5,0.010815287,0.308720551,4542,7616.595703,8687.765625,0.002,5279.121419,17k,L,min,2639560.7095,28547.60662716613,2611013.1028728336,0.010815287,1.0,28547.60662716613,2611013.1028728336
6,7,7.5,C5,0.10140103700000004,0.053620547000000005,6345,7792.133789,8704.40332,0.002,6516.631355,40k,L,min,3258315.6775,330396.5885718576,2927919.088928142,0.898598963,3.0,2927919.088928142,330396.5885718576
2,7,7.533333333333334,A6,0.00846633,0.261071955,5932,7692.008301000002,8831.455078,0.002,6739.994258,17k,L,min,3369997.129,28531.50779316657,3341465.621206833,0.00846633,1.0,28531.50779316657,3341465.621206833
7,7,7.450000000000001,C8,0.903362127,0.036943666,4651,7577.038573999998,8431.024414,0.002,4737.441471,40k,Sl,maj,2368720.7355,2139812.6018902846,228908.13360971538,0.903362127,4.0,2139812.6018902846,228908.13360971538
1,7,7.533333333333334,A2,0.977044528,0.05850134,5335,7577.96875,8707.983398,0.002,5492.573782,17k,L,maj,2746286.8910000003,2683244.5791696827,63042.311830317645,0.977044528,1.0,2683244.5791696827,63042.311830317645
3,7,7.55,A7,0.993498236,0.134405264,6911,8002.110352,8765.384766,0.002,7385.838064,17k,Sl,maj,3692919.0319999997,3668908.543982828,24010.48801717253,0.993498236,2.0,3668908.543982828,24010.48801717253
6,7,7.5,C6,0.10061596099999992,0.042632906,6221,7782.790526999999,8724.53125,0.002,6354.551881,40k,L,min,3177275.9405,319684.6721155861,2857591.268384414,0.8993840390000001,3.0,2857591.268384414,319684.6721155861
5,7,7.5,C1,0.9835678990000001,0.157945822,7835,7438.363281,8690.376953,0.002,8470.034223999999,40k,L,maj,4235017.112,4165426.8830788867,69590.22892111231,0.016432101,3.0,69590.22892111231,4165426.8830788867
3,7,7.55,A8,0.99218464,0.096060931,5370,7978.539062999998,8780.96875,0.002,5632.052361,17k,Sl,maj,2816026.1805,2794017.9221299672,22008.258370032618,0.99218464,2.0,2794017.9221299672,22008.258370032618
8,7,7.450000000000001,C10,0.0043850320000000005,0.154829613,7397,7419.994629000002,8638.517578,0.002,7984.408291,40k,Sl,min,3992204.1455,17505.942928550157,3974698.20257145,0.0043850320000000005,4.0,17505.942928550157,3974698.20257145
1,7,7.533333333333334,A1,0.981422818,0.045699535,6001,7566.68457,8700.463867,0.002,6139.165815,17k,L,maj,3069582.9075,3012558.7071632836,57024.20033671675,0.981422818,1.0,3012558.7071632836,57024.20033671675
8,7,7.450000000000001,C11,0.005113109,0.095800016,8208,7376.695312999998,8493.899414,0.002,8607.439812,40k,Sl,min,4303719.906,22005.38898484776,4281714.517015154,0.005113109,4.0,22005.38898484776,4281714.517015154
2,7,7.533333333333334,A5,0.009445602,0.284095917,4891,7682.881348000001,8871.298828,0.002,5618.6086479999985,17k,L,min,2809304.324,26535.570541383044,2782768.7534586163,0.009445602,1.0,26535.570541383044,2782768.7534586163
7,7,7.450000000000001,C7,0.890480687,0.038653532,4775,7557.104004000002,8420.779297,0.002,4867.879819,40k,Sl,maj,2433939.9095,2167376.4827282783,266563.42677172204,0.890480687,4.0,2167376.4827282783,266563.42677172204
6,7,7.5,C4,0.10469961400000004,0.037754809,6499,7760.22998,8706.302734,0.002,6622.456222,40k,L,min,3311228.111,346684.3050876493,2964543.8059123512,0.895300386,3.0,2964543.8059123512,346684.3050876493
2,7,7.533333333333334,A4,0.008313891,0.370807634,5234,7654.236816,8807.546875,0.002,6264.238768,17k,L,min,3132119.3839999996,26040.099157563145,3106079.2848424367,0.008313891,1.0,26040.099157563145,3106079.2848424367
4,7,7.55,A11,0.080301705,0.059798606,7246,7509.64502,8624.682617,0.002,7464.809451000001,17k,Sl,min,3732404.7255000006,299718.46320770704,3432686.262292294,0.080301705,2.0,299718.46320770704,3432686.262292294
8,7,7.450000000000001,C12,0.003572842,0.170508236,8237,7346.185547,8569.857422,0.002,8959.184738,40k,Sl,min,4479592.369,16004.875758842698,4463587.493241156,0.003572842,4.0,16004.875758842698,4463587.493241156
1,7,7.533333333333334,A3,0.981870093,0.037039161,4550,7590.971191,8741.683594,0.002,4634.784257,17k,L,maj,2317392.1285,2275378.024727763,42014.103772237184,0.981870093,1.0,2275378.024727763,42014.103772237184
5,7,7.5,C3,0.9828636470000001,0.084443981,6328,7544.068848000001,8801.118164,0.002,6598.9406119999985,40k,L,maj,3299470.3060000003,3242929.4181233663,56540.88787663401,0.017136353,3.0,56540.88787663401,3242929.4181233663
3,7,7.55,A9,0.993295274,0.10075902,5961,8030.436523,8770.600586,0.002,6266.354601,17k,Sl,maj,3133177.3005,3112170.205190728,21007.09530927197,0.993295274,2.0,3112170.205190728,21007.09530927197
5,7,7.5,C2,0.9848984000000001,0.126472662,6911,7465.280762,8756.991211,0.002,7357.235809000002,40k,L,maj,3678617.9045,3623064.8883534027,55553.016146597205,0.0151016,3.0,55553.016146597205,3623064.8883534027
4,7,7.55,A12,0.083010759,0.06065141,7148,7493.918945,8597.800781,0.002,7366.959221999998,17k,Sl,min,3683479.611,305768.4382701348,3377711.172729865,0.083010759,2.0,305768.4382701348,3377711.172729865
4,7,7.55,A10,0.086709511,0.04562918,6642,7551.91748,8637.805664,0.002,6794.686867,17k,Sl,min,3397343.4335000007,294581.9878178461,3102761.4456821536,0.086709511,2.0,294581.9878178461,3102761.4456821536
7,7,7.450000000000001,C9,0.89408988,0.021532434,4414,7562.866211,8432.213867,0.002,4461.692625,40k,Sl,maj,2230846.3125,1994577.111841568,236269.2006584325,0.89408988,4.0,1994577.111841568,236269.2006584325
7,8,23.36666666666667,C8,0.923175466,0.076330788,6096,7672.818848000001,8509.427734,0.002,6331.615761,40k,Sl,maj,3165807.8805,2922596.1653470593,243211.7151529405,0.923175466,4.0,2922596.1653470593,243211.7151529405
7,8,23.36666666666667,C7,0.923229535,0.062708109,6075,7701.536133,8511.700195,0.002,6267.466481,40k,Sl,maj,3133733.240500001,2893155.0824408587,240578.15805914172,0.923229535,4.0,2893155.0824408587,240578.15805914172
3,8,23.85,A9,0.981750239,0.051196152,5451,8082.908691,8920.757813,0.002,5591.725671,17k,Sl,maj,2795862.8355,2744839.006963343,51023.828536657245,0.981750239,2.0,2744839.006963343,51023.828536657245
6,8,23.61666666666667,C5,0.07954994799999993,0.09453134,3612,7922.898926000002,8849.998047,0.002,3785.412988,40k,L,min,1892706.494,150564.70317696215,1742141.7908230375,0.920450052,3.0,1742141.7908230375,150564.70317696215
1,8,24.066666666666666,A1,0.979343867,0.12780306,3868,7506.854004000002,8891.729492,0.002,4120.434556,17k,L,maj,2060217.2780000002,2017661.155896734,42556.12210326602,0.979343867,1.0,2017661.155896734,42556.12210326602
4,8,23.85,A10,0.091919784,0.16460133300000002,5387,7570.574706999999,8739.825195,0.002,5842.51097,17k,Sl,min,2921255.485,268521.17319001525,2652734.3118099845,0.091919784,2.0,268521.17319001525,2652734.3118099845
4,8,23.85,A11,0.08962086,0.149807046,5237,7484.949706999999,8661.908203,0.002,5639.060216,17k,Sl,min,2819530.108,252688.7130748529,2566841.394925147,0.08962086,2.0,252688.7130748529,2566841.394925147
4,8,23.85,A12,0.098255372,0.18425052100000006,5637,7459.651367,8619.579102,0.002,6172.248272,17k,Sl,min,3086124.1360000004,303228.27502085856,2782895.8609791407,0.098255372,2.0,303228.27502085856,2782895.8609791407
1,8,24.066666666666666,A2,0.975601557,0.037277149,1127,7613.469238,8945.545898,0.002,1148.136175,17k,L,maj,574068.0875,560061.7199890122,14006.367510987728,0.975601557,1.0,560061.7199890122,14006.367510987728
1,8,24.066666666666666,A3,0.983028762,0.033355914,1797,7664.424805,8967.138672,0.002,1827.1369,17k,L,maj,913568.45,898064.0624057589,15504.387594241101,0.983028762,1.0,898064.0624057589,15504.387594241101
2,8,24.066666666666666,A4,0.012772424,0.959178739,5876,7770.727051000002,8828.416016,0.002,9137.812144,17k,L,min,4568906.072,58356.005567758526,4510550.066432241,0.012772424,1.0,58356.005567758526,4510550.066432241
2,8,24.066666666666666,A5,0.015059703999999997,1.013796302,2397,7732.82666,8832.950195,0.002,3813.901689,17k,L,min,1906950.8445,28718.11526072003,1878232.72923928,0.015059703999999997,1.0,28718.11526072003,1878232.72923928
6,8,23.61666666666667,C6,0.07376753400000002,0.084170599,3130,7964.399901999999,8871.87793,0.002,3263.574693,40k,L,min,1631787.3465,120372.92856370856,1511414.4179362913,0.926232466,3.0,1511414.4179362913,120372.92856370856
2,8,24.066666666666666,A6,0.015974612,0.983706435,5180,7816.739745999998,8869.548828,0.002,8138.928818,17k,L,min,4069464.409,65008.114981584295,4004456.294018416,0.015974612,1.0,65008.114981584295,4004456.294018416
3,8,23.85,A8,0.983557231,0.176861398,6643,8131.070312999998,8890.041016,0.002,7247.752175,17k,Sl,maj,3623876.0875,3564289.530108613,59586.557391386574,0.983557231,2.0,3564289.530108613,59586.557391386574
5,8,23.61666666666667,C1,0.9792964679999999,0.737062228,6095,7377.063965,8735.260742,0.002,8614.661823999999,40k,L,maj,4307330.912,4218153.948628819,89176.96337118118,0.020703532,3.0,89176.96337118118,4218153.948628819
8,8,23.36666666666667,C10,0.011844634,1.00402107,4770,7549.696776999999,8441.304688,0.002,7558.718838,40k,Sl,min,3779359.419,44765.12907250764,3734594.289927492,0.011844634,4.0,44765.12907250764,3734594.289927492
8,8,23.36666666666667,C11,0.010510586,0.896728335,5365,7489.091309,8536.798828,0.002,8125.255448000001,40k,Sl,min,4062627.724,42700.598079086274,4019927.1259209136,0.010510586,4.0,42700.598079086274,4019927.1259209136
8,8,23.36666666666667,C12,0.01166689,0.911419982,5428,7383.116698999998,8549.914063,0.002,8272.239634,40k,Sl,min,4136119.817,48255.654931759134,4087864.1620682413,0.01166689,4.0,48255.654931759134,4087864.1620682413
5,8,23.61666666666667,C2,0.977110241,0.637787391,6735,7504.814453,8831.779297,0.002,9109.517311,40k,L,maj,4554758.6554999985,4450501.327572442,104257.327927559,0.022889759,3.0,104257.327927559,4450501.327572442
5,8,23.61666666666667,C3,0.982078393,0.5829668960000001,4973,7646.009276999999,8854.707031,0.002,6562.595518,40k,L,maj,3281297.7589999996,3222491.630113221,58806.12888677871,0.017921607,3.0,58806.12888677871,3222491.630113221
6,8,23.61666666666667,C4,0.07948164000000002,0.091623537,3282,7971.126953,8855.209961,0.002,3434.649901,40k,L,min,1717324.9504999998,136495.80347865884,1580829.147021341,0.92051836,3.0,1580829.147021341,136495.80347865884
3,8,23.85,A7,0.979893828,0.072636725,6289,8117.100098000001,8932.895508,0.002,6520.171050999998,17k,Sl,maj,3260085.5254999995,3194537.685189586,65547.8403104133,0.979893828,2.0,3194537.685189586,65547.8403104133
7,8,23.36666666666667,C9,0.921856671,0.058256539,5719,7683.543945,8512.115234,0.002,5887.201922,40k,Sl,maj,2943600.961,2713578.182659861,230022.77834013946,0.921856671,4.0,2713578.182659861,230022.77834013946
